Symbol,Security,Market cap,Price,Volume,Rel Volume,P/E,Sector,Headquarters Location,Founded
A,Agilent Technologies,29.22 B USD,102.48 USD,1.77 M,0.55,23.55,Health technology,"Santa Clara, California",1999
AAPL,Apple Inc.,2.96 T USD,196.98 USD,52.16 M,0.47,31.31,Electronic technology,"Cupertino, California",1977
ABBV,AbbVie,306.03 B USD,173.00 USD,9 M,0.8,72.34,Health technology,"North Chicago, Illinois",2013 (1888)
ABNB,Airbnb,71.06 B USD,112.70 USD,4.45 M,0.59,27.26,Consumer services,"San Francisco, California",2008
ABT,Abbott Laboratories,227.16 B USD,130.98 USD,10.47 M,1.1,16.96,Health technology,"North Chicago, Illinois",1888
ACGL,Arch Capital Group,34.78 B USD,92.57 USD,1.41 M,0.67,8.27,Finance,"Hamilton, Bermuda",1995
ACN,Accenture,176.76 B USD,282.35 USD,2.32 M,0.51,23.3,Technology services,"Dublin, Ireland",1989
ADBE,Adobe Inc.,148.66 B USD,348.80 USD,5.23 M,1,22.97,Technology services,"San Jose, California",1982
ADI,Analog Devices,87.43 B USD,176.27 USD,3.34 M,0.47,56.21,Electronic technology,"Wilmington, Massachusetts",1965
ADM,Archer Daniels Midland,22.96 B USD,47.82 USD,3.5 M,0.76,13.24,Process industries,"Chicago, Illinois",1902
ADP,Automatic Data Processing,119.33 B USD,293.28 USD,1.67 M,0.63,30.6,Technology services,"Roseland, New Jersey",1949
ADSK,Autodesk,55.27 B USD,259.47 USD,1.05 M,0.53,50.63,Technology services,"San Francisco, California",1982
AEE,Ameren,26.68 B USD,98.74 USD,1.75 M,0.78,22.33,Utilities,"St. Louis, Missouri",1902
AEP,American Electric Power,59.94 B USD,107.71 USD,3.16 M,0.62,19.28,Utilities,"Columbus, Ohio",1906
AES,AES Corporation,7.25 B USD,10.18 USD,10.48 M,0.64,4.29,Utilities,"Arlington, Virginia",1981
AFL,Aflac,58.64 B USD,107.44 USD,2.29 M,0.9,11.18,Finance,"Columbus, Georgia",1955
AIG,American International Group,47.37 B USD,81.14 USD,4.02 M,0.66,16.08,Finance,"New York City, New York",1919
AIZ,Assurant,9.61 B USD,188.97 USD,432.7 K,0.7,13.06,Finance,"Atlanta, Georgia",1892
AJG,Arthur J. Gallagher & Co.,84.19 B USD,329.22 USD,1.2 M,0.67,50.45,Finance,"Rolling Meadows, Illinois",1927
AKAM,Akamai Technologies,10.73 B USD,73.46 USD,1.61 M,0.69,22.51,Technology services,"Cambridge, Massachusetts",1998
ALB,Albemarle Corporation,6.22 B USD,52.91 USD,3.12 M,0.57,—,Process industries,"Charlotte, North Carolina",1994
ALGN,Align Technology,12.55 B USD,171.41 USD,816.39 K,0.5,30.48,Health technology,"Tempe, Arizona",1997
ALL,Allstate,51.59 B USD,194.66 USD,1.91 M,0.79,11.46,Finance,"Northbrook, Illinois",1931
ALLE,Allegion,10.9 B USD,126.35 USD,798.35 K,0.6,18.53,Consumer durables,"Dublin, Ireland",1908
AMAT,Applied Materials,111.68 B USD,137.46 USD,6.49 M,0.49,17.98,Producer manufacturing,"Santa Clara, California",1967
AMCR,Amcor,13.57 B USD,9.39 USD,30.53 M,0.64,17.04,Process industries,"Warmley, Bristol, United Kingdom",2019 (1860)
AMD,Advanced Micro Devices,142.16 B USD,87.50 USD,34.8 M,0.58,87.22,Electronic technology,"Santa Clara, California",1969
AME,Ametek,36.41 B USD,157.81 USD,1.7 M,0.86,26.62,Producer manufacturing,"Berwyn, Pennsylvania",1930
AMGN,Amgen,149.09 B USD,277.29 USD,4.37 M,1.11,36.75,Health technology,"Thousand Oaks, California",1980
AMP,Ameriprise Financial,44.51 B USD,464.56 USD,492.22 K,0.71,14.05,Finance,"Minneapolis, Minnesota",1894
AMT,American Tower,104.23 B USD,222.66 USD,2.6 M,0.55,46.24,Finance,"Boston, Massachusetts",1995
AMZN,Amazon,1.83 T USD,172.61 USD,44.73 M,0.56,31.26,Retail trade,"Seattle, Washington",1994
ANET,Arista Networks,89.79 B USD,71.20 USD,8.57 M,0.55,31.99,Electronic technology,"Santa Clara, California",2004
ANSS,Ansys,26.54 B USD,302.74 USD,817.79 K,0.94,46.27,Technology services,"Canonsburg, Pennsylvania",1969
AON,Aon plc,79.36 B USD,367.41 USD,1.56 M,0.92,29.02,Finance,"London, United Kingdom",1982 (1919)
AOS,A. O. Smith,9.06 B USD,63.14 USD,1.38 M,0.74,17.42,Producer manufacturing,"Milwaukee, Wisconsin",1916
APA,APA Corporation,5.87 B USD,16.11 USD,7.37 M,0.51,7.17,Energy minerals,"Houston, Texas",1954
APD,Air Products,58.49 B USD,262.90 USD,2.23 M,1.45,15.27,Process industries,"Upper Macungie Township, Pennsylvania",1940
APH,Amphenol,78.84 B USD,65.06 USD,6.05 M,0.58,33.92,Electronic technology,"Wallingford, Connecticut",1932
APO,Apollo Global Management,72.33 B USD,126.78 USD,2.64 M,0.33,17.53,Finance,"New York City, New York",1990
APTV,Aptiv,11.86 B USD,51.71 USD,2.76 M,0.57,7.52,Producer manufacturing,"Dublin, Ireland",1994
ARE,Alexandria Real Estate Equities,13.47 B USD,77.84 USD,1.63 M,0.63,43.24,Finance,"Pasadena, California",1994
ATO,Atmos Energy,25.01 B USD,157.54 USD,904.42 K,0.65,22.53,Utilities,"Dallas, Texas",1906
AVB,AvalonBay Communities,28.95 B USD,203.35 USD,1.17 M,0.86,26.79,Finance,"Arlington, Virginia",1978
AVGO,Broadcom,803.99 B USD,170.99 USD,22.5 M,0.47,82.47,Electronic technology,"Palo Alto, California",1961
AVY,Avery Dennison,13.49 B USD,170.85 USD,625.59 K,0.46,19.58,Process industries,"Mentor, Ohio",1935
AWK,American Water Works,28.94 B USD,148.40 USD,946.07 K,0.43,27.53,Utilities,"Camden, New Jersey",1886
AXON,Axon Enterprise,42.87 B USD,559.53 USD,519.73 K,0.72,117.09,Electronic technology,"Scottsdale, Arizona",1993
AXP,American Express,176.2 B USD,251.31 USD,3.91 M,0.69,17.55,Finance,"New York City, New York",1850
AZO,AutoZone,60.28 B USD,"3,603.47 USD",84.45 K,0.47,24.17,Retail trade,"Memphis, Tennessee",1979
BA,Boeing,121.81 B USD,161.90 USD,9.23 M,0.69,—,Electronic technology,"Arlington, Virginia",1916
BAC,Bank of America,282.94 B USD,37.42 USD,47.14 M,0.5,11.17,Finance,"Charlotte, North Carolina",1998 (1923 / 1874)
BALL,Ball Corporation,13.38 B USD,47.40 USD,5.6 M,1.72,—,Process industries,"Broomfield, Colorado",1880
BAX,Baxter International,14.82 B USD,28.89 USD,5.52 M,0.83,—,Health technology,"Deerfield, Illinois",1931
BBY,Best Buy,13.1 B USD,61.98 USD,3.86 M,0.49,14.49,Retail trade,"Richfield, Minnesota",1966
BDX,Becton Dickinson,57.06 B USD,198.71 USD,4.07 M,1.37,33.01,Health technology,"Franklin Lakes, New Jersey",1897
BEN,Franklin Resources,9.25 B USD,17.61 USD,4.1 M,0.56,27.01,Finance,"San Mateo, California",1947
BF.B,Brown–Forman,15.94 B USD,33.79 USD,1.8 M,0.5,16.16,Consumer non-durables,"Louisville, Kentucky",1870
BG,Bunge Global,10.58 B USD,78.96 USD,1.58 M,0.83,9.77,Process industries,"Chesterfield, Missouri",1818
BIIB,Biogen,17.36 B USD,118.61 USD,1.21 M,0.58,10.61,Health technology,"Cambridge, Massachusetts",1978
BK,BNY Mellon,54.62 B USD,76.34 USD,4.32 M,0.77,12.44,Finance,"New York City, New York",1784
BKNG,Booking Holdings,150.07 B USD,"4,573.31 USD",216.79 K,0.56,26.43,Consumer services,"Norwalk, Connecticut",1996
BKR,Baker Hughes,38.53 B USD,38.91 USD,5.55 M,0.47,13.06,Industrial services,"Houston, Texas",2017
BLDR,Builders FirstSource,13.3 B USD,116.94 USD,2.16 M,1.03,12.93,Retail trade,"Irving, Texas",1998
BLK,BlackRock,135.77 B USD,875.78 USD,1.03 M,0.86,21.27,Finance,"New York City, New York",1988
BMY,Bristol Myers Squibb,100.17 B USD,49.23 USD,14.24 M,0.85,—,Health technology,"New York City, New York",1989 (1887)
BR,Broadridge Financial Solutions,27.6 B USD,235.85 USD,533.68 K,0.81,36.9,Technology services,"Lake Success, New York",1962
BRK.B,Berkshire Hathaway,1.12 T USD,518.21 USD,5.32 M,0.66,12.55,Finance,"Omaha, Nebraska",1839
BRO,Brown & Brown,33.6 B USD,117.22 USD,1.8 M,0.82,33.87,Finance,"Daytona Beach, Florida",1939
BSX,Boston Scientific,140.68 B USD,95.12 USD,6.67 M,0.54,76.24,Health technology,"Marlborough, Massachusetts",1979
BX,Blackstone Inc.,158.16 B USD,130.39 USD,4.58 M,0.47,39.41,Finance,"New York City, New York",1985
BXP,"BXP, Inc.",10.11 B USD,63.88 USD,1.41 M,0.72,722.62,Finance,"Boston, Massachusetts",1970
C,Citigroup,118.12 B USD,63.25 USD,14.66 M,0.45,9.95,Finance,"New York City, New York",1998
CAG,Conagra Brands,12.09 B USD,25.33 USD,4.79 M,0.64,37.06,Consumer non-durables,"Chicago, Illinois",1919
CAH,Cardinal Health,32.54 B USD,134.71 USD,2.35 M,0.66,25.15,Distribution services,"Dublin, Ohio",1971
CARR,Carrier Global,51.76 B USD,59.91 USD,3.71 M,0.6,14.32,Producer manufacturing,"Palm Beach Gardens, Florida","2020 (1915, United Technologies spinoff)"
CAT,Caterpillar Inc.,140.63 B USD,294.25 USD,2.72 M,0.57,13.33,Producer manufacturing,"Irving, Texas",1925
CB,Chubb Limited,114.43 B USD,285.59 USD,2.48 M,1.16,12.57,Finance,"Zurich, Switzerland",1985
CBOE,Cboe Global Markets,22.73 B USD,217.07 USD,546.22 K,0.39,30.07,Finance,"Chicago, Illinois",1973
CBRE,CBRE Group,35.27 B USD,117.62 USD,1.96 M,0.75,37.4,Finance,"Dallas, Texas",1906
CCI,Crown Castle,45.11 B USD,103.59 USD,1.86 M,0.45,—,Finance,"Houston, Texas",1994
CCL,Carnival,23.35 B USD,17.99 USD,17.7 M,0.48,11.98,Consumer services,"Miami, Florida",1972
CDNS,Cadence Design Systems,71.38 B USD,260.22 USD,1.91 M,0.68,67.52,Technology services,"San Jose, California",1988
CDW,CDW Corporation,19.96 B USD,151.47 USD,1.17 M,0.47,19,Technology services,"Vernon Hills, Illinois",1984
CEG,Constellation Energy,64.75 B USD,206.68 USD,1.96 M,0.38,17.39,Utilities,"Baltimore, Maryland",1999
CF,CF Industries,12.47 B USD,74.90 USD,2.28 M,0.64,11.07,Process industries,"Deerfield, Illinois",1946
CFG,Citizens Financial Group,15.5 B USD,35.45 USD,4.66 M,0.59,11.28,Finance,"Providence, Rhode Island",1828
CHD,Church & Dwight,25.93 B USD,105.37 USD,1.7 M,0.76,44.49,Consumer non-durables,"Ewing, New Jersey",1847
CHRW,C.H. Robinson,10.78 B USD,91.14 USD,1.04 M,0.67,23.66,Transportation,"Eden Prairie, Minnesota",1905
CHTR,Charter Communications,53.71 B USD,338.96 USD,934.33 K,0.57,9.63,Consumer services,"Stamford, Connecticut",1993
CI,Cigna,89.5 B USD,330.13 USD,2.85 M,1.31,26.98,Health services,"Bloomfield, Connecticut",1982
CINF,Cincinnati Financial,20.7 B USD,132.24 USD,463.63 K,0.52,9.1,Finance,"Fairfield, Ohio",1950
CL,Colgate-Palmolive,77.46 B USD,95.50 USD,7.03 M,1.22,27.19,Consumer non-durables,"New York City, New York",1806
CLX,Clorox,17.22 B USD,139.78 USD,948.65 K,0.59,38.2,Consumer non-durables,"Oakland, California",1913
CMCSA,Comcast,128.59 B USD,34.01 USD,21.58 M,0.7,8.2,Consumer services,"Philadelphia, Pennsylvania",1963
CME,CME Group,94.61 B USD,262.53 USD,1.8 M,0.46,27.14,Finance,"Chicago, Illinois",1848
CMG,Chipotle Mexican Grill,65.29 B USD,48.17 USD,9.36 M,0.61,43.24,Consumer services,"Newport Beach, California",1993
CMI,Cummins,38.82 B USD,281.81 USD,624.09 K,0.55,10,Producer manufacturing,"Columbus, Indiana",1919
CMS,CMS Energy,21.81 B USD,72.93 USD,2.19 M,0.67,21.91,Utilities,"Jackson, Michigan",1886
CNC,Centene Corporation,30.11 B USD,60.70 USD,5.76 M,1.05,9.72,Health services,"St. Louis, Missouri",1984
CNP,CenterPoint Energy,24.22 B USD,37.16 USD,4.27 M,0.49,23.45,Utilities,"Houston, Texas",1882
COF,Capital One,62.33 B USD,162.77 USD,2.34 M,0.33,14.05,Finance,"Tysons Corner, Virginia",1994
COO,Cooper Companies (The),15.9 B USD,79.51 USD,2.1 M,0.92,38.45,Health technology,"San Ramon, California",1958
COP,ConocoPhillips,112.51 B USD,89.00 USD,7.8 M,0.68,11.4,Energy minerals,"Houston, Texas",2002
COR,Cencora,55.6 B USD,286.74 USD,1.62 M,0.66,40.8,Distribution services,"Conshohocken, Pennsylvania",1985
COST,Costco,441.24 B USD,994.50 USD,2.71 M,0.77,58.06,Retail trade,"Issaquah, Washington",1976
CPAY,Corpay,21.69 B USD,308.73 USD,353.98 K,0.56,22.08,Commercial services,"Atlanta, Georgia",2000
CPB,Campbell's Company (The),11.19 B USD,37.53 USD,2.54 M,0.71,21.62,Consumer non-durables,"Camden, New Jersey",1869
CPRT,Copart,57.66 B USD,59.68 USD,7.56 M,1.07,40.09,Retail trade,"Dallas, Texas",1982
CPT,Camden Property Trust,15.88 B USD,112.29 USD,581.67 K,0.38,74.76,Finance,"Houston, Texas",1981
CRL,Charles River Laboratories,5.21 B USD,106.05 USD,1.66 M,0.47,413.45,Commercial services,"Wilmington, Massachusetts",1947
CRM,Salesforce,237.58 B USD,247.23 USD,5.57 M,0.64,38.87,Technology services,"San Francisco, California",1999
CRWD,CrowdStrike,93.11 B USD,375.62 USD,2.1 M,0.41,—,Technology services,"Austin, Texas",2011
CSCO,Cisco,221.83 B USD,55.76 USD,15.91 M,0.48,24.43,Electronic technology,"San Jose, California",1984
CSGP,CoStar Group,33.61 B USD,79.70 USD,2.03 M,0.5,234.48,Technology services,"Washington, D.C.",1987
CSX,CSX Corporation,52 B USD,27.68 USD,21.44 M,0.98,16.49,Transportation,"Jacksonville, Florida",1980
CTAS,Cintas,83.08 B USD,205.76 USD,1.71 M,0.56,47.74,Consumer services,"Mason, Ohio",1929
CTRA,Coterra,19.76 B USD,25.86 USD,5.33 M,0.59,17.22,Energy minerals,"Houston, Texas",2021 (1989)
CTSH,Cognizant,34.35 B USD,69.44 USD,3.09 M,0.63,15.41,Technology services,"Teaneck, New Jersey",1994
CTVA,Corteva,40.8 B USD,59.74 USD,3.66 M,0.8,46.43,Process industries,"Indianapolis, Indiana",2019
CVS,CVS Health,84.95 B USD,67.29 USD,16.06 M,1.15,18.4,Retail trade,"Woonsocket, Rhode Island",1996
CVX,Chevron Corporation,240.82 B USD,137.87 USD,8.43 M,0.57,14.22,Energy minerals,"San Ramon, California",1879
CZR,Caesars Entertainment,5.41 B USD,25.51 USD,3.72 M,0.52,—,Consumer services,"Reno, Nevada",1973
D,Dominion Energy,45.31 B USD,53.17 USD,8.73 M,1.28,19.68,Utilities,"Richmond, Virginia",1983
DAL,Delta Air Lines,26.69 B USD,40.88 USD,8.12 M,0.41,7.25,Transportation,"Atlanta, Georgia",1929
DASH,DoorDash,76.8 B USD,181.24 USD,2.5 M,0.48,683.92,Transportation,"San Francisco, California",2012
DAY,Dayforce,8.57 B USD,54.15 USD,1.55 M,0.76,482.19,Technology services,"Minneapolis, Minnesota",1992
DD,DuPont,25.17 B USD,60.14 USD,2.75 M,0.47,36.01,Process industries,"Wilmington, Delaware",2017 (1802)
DE,Deere & Company,122.7 B USD,452.07 USD,1.04 M,0.52,20.04,Producer manufacturing,"Moline, Illinois",1837
DECK,Deckers Brands,16.04 B USD,105.67 USD,1.76 M,0.38,17.15,Consumer non-durables,"Goleta, California",1973
DELL,Dell Technologies,59.22 B USD,84.86 USD,6.24 M,0.45,13.65,Electronic technology,"Round Rock, Texas",2016
DFS,Discover Financial,40.16 B USD,159.63 USD,1.11 M,0.46,10.25,Finance,"Riverwoods, Illinois",1985
DG,Dollar General,20.47 B USD,93.07 USD,4.17 M,0.63,18.2,Retail trade,"Goodlettsville, Tennessee",1939
DGX,Quest Diagnostics,18.28 B USD,163.80 USD,1.49 M,0.78,21.28,Health services,"Secaucus, New Jersey",1967
DHI,D. R. Horton,38.21 B USD,121.25 USD,6.4 M,1.31,9.18,Consumer durables,"Arlington, Texas",1978
DHR,Danaher Corporation,133.67 B USD,186.83 USD,3.67 M,0.64,35.33,Commercial services,"Washington, D.C.",1969
DIS,Walt Disney Company (The),153.32 B USD,84.81 USD,14.81 M,0.94,27.54,Consumer services,"Burbank, California",1923
DLR,Digital Realty,50.76 B USD,150.75 USD,2.04 M,0.75,92.71,Finance,"Austin, Texas",2004
DLTR,Dollar Tree,17.02 B USD,79.14 USD,7.23 M,0.82,—,Retail trade,"Chesapeake, Virginia",1986
DOC,Healthpeak Properties,13.36 B USD,18.75 USD,4.28 M,0.58,54.03,Finance,"Denver, Colorado",1985
DOV,Dover Corporation,22.08 B USD,161.08 USD,3.02 M,1.84,8.28,Producer manufacturing,"Downers Grove, Illinois",1955
DOW,Dow Inc.,19.81 B USD,28.15 USD,8.47 M,0.56,17.98,Process industries,"Midland, Michigan",2019 (1897)
DPZ,Domino's,16.01 B USD,466.74 USD,403.89 K,0.54,27.96,Consumer services,"Ann Arbor, Michigan",1960
DRI,Darden Restaurants,23.43 B USD,200.22 USD,928.64 K,0.59,22.59,Consumer services,"Orlando, Florida",1938
DTE,DTE Energy,27.71 B USD,133.55 USD,1.39 M,0.82,19.74,Utilities,"Detroit, Michigan",1995
DUK,Duke Energy,94.64 B USD,121.80 USD,3.41 M,0.61,21.44,Utilities,"Charlotte, North Carolina",1904
DVA,DaVita,11.2 B USD,140.03 USD,994.98 K,0.99,13.03,Health services,"Denver, Colorado",1979
DVN,Devon Energy,19.67 B USD,30.31 USD,10.35 M,0.65,6.63,Energy minerals,"Oklahoma City, Oklahoma",1971
DXCM,Dexcom,26.89 B USD,68.57 USD,3.7 M,0.63,48.13,Health technology,"San Diego, California",1999
EA,Electronic Arts,37.95 B USD,145.61 USD,1.76 M,0.47,37.05,Technology services,"Redwood City, California",1982
EBAY,eBay Inc.,30.88 B USD,66.26 USD,3.34 M,0.48,16.69,Retail trade,"San Jose, California",1995
ECL,Ecolab,67.71 B USD,238.73 USD,1.41 M,0.79,32.38,Process industries,"Saint Paul, Minnesota",1923
ED,Consolidated Edison,40.38 B USD,112.10 USD,2.06 M,0.58,21.39,Utilities,"New York City, New York",1823
EFX,Equifax,27.61 B USD,221.25 USD,1.46 M,0.96,45.77,Commercial services,"Atlanta, Georgia",1899
EG,Everest Group,16.72 B USD,349.93 USD,355.87 K,0.86,11,Finance,"Hamilton, Bermuda",1973
EIX,Edison International,22.1 B USD,57.39 USD,2.01 M,0.61,17.38,Utilities,"Rosemead, California",1886
EL,Estée Lauder Companies (The),19.59 B USD,54.47 USD,6.35 M,0.92,—,Consumer non-durables,"New York City, New York",1946
ELV,Elevance Health,96.11 B USD,424.53 USD,3.57 M,1.62,16.58,Health services,"Indianapolis, Indiana",2014 (1946)
EMN,Eastman Chemical Company,8.86 B USD,76.76 USD,1.63 M,0.74,9.99,Process industries,"Kingsport, Tennessee",1920
EMR,Emerson Electric,56.15 B USD,99.57 USD,2.88 M,0.68,23.68,Electronic technology,"Ferguson, Missouri",1890
ENPH,Enphase Energy,6.89 B USD,52.54 USD,3.14 M,0.72,71.17,Electronic technology,"Fremont, California",2006
EOG,EOG Resources,60.95 B USD,110.50 USD,5.91 M,0.94,9.84,Energy minerals,"Houston, Texas",1999
EPAM,EPAM Systems,8.33 B USD,147.16 USD,419.9 K,0.45,18.77,Technology services,"Newtown, Pennsylvania",1993
EQIX,Equinix,77.29 B USD,790.15 USD,479.7 K,0.67,92.43,Finance,"Redwood City, California",1998
EQR,Equity Residential,25.92 B USD,68.24 USD,2.74 M,1.03,25.62,Finance,"Chicago, Illinois",1969
EQT,EQT Corporation,30.46 B USD,50.98 USD,5 M,0.43,124.04,Energy minerals,"Pittsburgh, Pennsylvania",1888
ERIE,Erie Indemnity,19.14 B USD,410.95 USD,176 K,1.11,36.07,Finance,"Erie, Pennsylvania",1925
ES,Eversource Energy,21.09 B USD,57.44 USD,3.76 M,1.12,24.92,Utilities,"Hartford, Connecticut",1966
ESS,Essex Property Trust,17.71 B USD,275.29 USD,361.68 K,0.54,23.86,Finance,"San Mateo, California",1971
ETN,Eaton Corporation,105.12 B USD,268.32 USD,2.54 M,0.57,28.24,Producer manufacturing,"Dublin, Ireland",1911
ETR,Entergy,36.06 B USD,83.27 USD,3.23 M,0.62,34.14,Utilities,"New Orleans, Louisiana",1913
EVRG,Evergy,15.73 B USD,68.37 USD,1.98 M,0.62,18.04,Utilities,"Kansas City, Missouri",1909
EW,Edwards Lifesciences,41.9 B USD,71.53 USD,3.25 M,0.58,29.2,Health technology,"Irvine, California",1958
EXC,Exelon,47.71 B USD,47.26 USD,7.5 M,0.56,19.27,Utilities,"Chicago, Illinois",2000
EXE,Expand Energy,24.78 B USD,106.47 USD,3.6 M,0.65,—,Energy minerals,"Oklahoma City, Oklahoma",1989
EXPD,Expeditors International,14.7 B USD,106.70 USD,1.29 M,0.66,18.64,Transportation,"Seattle, Washington",1979
EXPE,Expedia Group,19.48 B USD,151.15 USD,2.15 M,0.64,16.71,Consumer services,"Seattle, Washington",1996
EXR,Extra Space Storage,29.96 B USD,141.21 USD,714.5 K,0.49,35.02,Finance,"Salt Lake City, Utah",1977
F,Ford Motor Company,38.29 B USD,9.63 USD,129.2 M,0.71,6.59,Consumer durables,"Dearborn, Michigan",1903
FANG,Diamondback Energy,40.48 B USD,137.64 USD,3.67 M,0.93,8.72,Energy minerals,"Midland, Texas",2007
FAST,Fastenal,46.8 B USD,81.58 USD,3.5 M,0.59,40.69,Distribution services,"Winona, Minnesota",1967
FCX,Freeport-McMoRan,47.28 B USD,32.90 USD,16.99 M,0.57,25.39,Non-energy minerals,"Phoenix, Arizona",1912
FDS,FactSet,16.21 B USD,427.05 USD,255.29 K,0.65,30.35,Technology services,"Norwalk, Connecticut",1978
FDX,FedEx,49.73 B USD,207.55 USD,1.11 M,0.42,13.03,Transportation,"Memphis, Tennessee",1971
FE,FirstEnergy,24.25 B USD,42.02 USD,8.45 M,1.45,24.77,Utilities,"Akron, Ohio",1997
FFIV,"F5, Inc.",14.91 B USD,258.61 USD,405.1 K,0.63,25.73,Technology services,"Seattle, Washington",1996
FI,Fiserv,116.55 B USD,208.66 USD,3.57 M,0.97,38.77,Finance,"Brookfield, Wisconsin",1984
FICO,Fair Isaac,46.61 B USD,"1,908.69 USD",151.09 K,0.65,87.6,Technology services,"Bozeman, Montana",1956
FIS,Fidelity National Information Services,39.5 B USD,74.58 USD,8.06 M,1.66,50.29,Technology services,"Jacksonville, Florida",1968
FITB,Fifth Third Bancorp,22.82 B USD,34.15 USD,11.34 M,1.53,10.85,Finance,"Cincinnati, Ohio",1858
FOX,Fox Corporation (Class B),20.95 B USD,44.57 USD,663.97 K,0.48,9.54,Consumer services,"New York City, New York",2019
FOXA,Fox Corporation (Class A),20.95 B USD,47.97 USD,3.92 M,0.73,10.26,Consumer services,"New York City, New York",2019
FRT,Federal Realty Investment Trust,8.1 B USD,93.72 USD,542.24 K,0.44,27.38,Finance,"Rockville, Maryland",1962
FSLR,First Solar,13.72 B USD,127.98 USD,2.28 M,0.53,10.65,Electronic technology,"Tempe, Arizona",1999
FTNT,Fortinet,73.92 B USD,96.13 USD,2.98 M,0.39,42.54,Technology services,"Sunnyvale, California",2000
FTV,Fortive,22.27 B USD,65.44 USD,1.53 M,0.35,27.71,Electronic technology,"Everett, Washington",2016
GD,General Dynamics,74.09 B USD,276.08 USD,1.72 M,0.85,20.25,Electronic technology,"Falls Church, Virginia",1899
GDDY,GoDaddy,24.47 B USD,171.78 USD,1.17 M,0.54,26.62,Technology services,"Tempe, Arizona",1997
GE,GE Aerospace,195.12 B USD,181.80 USD,4.93 M,0.47,30.44,Electronic technology,"Evendale, Ohio",1892
GEHC,GE HealthCare,28.56 B USD,62.37 USD,4.47 M,0.54,14.36,Health technology,"Chicago, Illinois",1994
GEN,Gen Digital,15.07 B USD,24.45 USD,3.08 M,0.64,24.13,Technology services,"Tempe, Arizona",1982
GEV,GE Vernova,88.44 B USD,323.55 USD,2.86 M,0.58,57.51,Producer manufacturing,"Cambridge, Massachusetts",2024
GILD,Gilead Sciences,130.32 B USD,104.54 USD,8.07 M,0.72,284.77,Health technology,"Foster City, California",1987
GIS,General Mills,31.49 B USD,57.51 USD,3.37 M,0.54,12.63,Consumer non-durables,"Golden Valley, Minnesota",1856
GL,Globe Life,10.09 B USD,121.25 USD,563.08 K,0.69,10.15,Finance,"McKinney, Texas",1900
GLW,Corning Inc.,35.56 B USD,41.51 USD,4.98 M,0.6,71.09,Electronic technology,"Corning, New York",1851
GM,General Motors,43.07 B USD,44.57 USD,11.71 M,0.65,7.25,Consumer durables,"Detroit, Michigan",1908
GNRC,Generac,6.66 B USD,111.72 USD,590.14 K,0.47,20.7,Producer manufacturing,"Waukesha, Wisconsin",1959
GOOG,Alphabet Inc. (Class C),1.85 T USD,153.36 USD,19.51 M,0.64,19.06,Technology services,"Mountain View, California",1998
GOOGL,Alphabet Inc. (Class A),1.85 T USD,151.16 USD,33.05 M,0.69,18.79,Technology services,"Mountain View, California",1998
GPC,Genuine Parts Company,15.84 B USD,114.10 USD,1.63 M,0.92,17.64,Distribution services,"Atlanta, Georgia",1925
GPN,Global Payments,17.08 B USD,69.46 USD,17.56 M,4.42,11.25,Commercial services,"Atlanta, Georgia",2000
GRMN,Garmin,36.67 B USD,190.61 USD,804.2 K,0.54,26.09,Electronic technology,"Schaffhausen, Switzerland",1989
GS,Goldman Sachs,158.34 B USD,509.49 USD,2.59 M,0.52,11.82,Finance,"New York City, New York",1869
GWW,W. W. Grainger,48.3 B USD,"1,002.69 USD",412.24 K,1.18,25.76,Distribution services,"Lake Forest, Illinois",1927
HAL,Halliburton,19.42 B USD,22.53 USD,18.17 M,1.13,7.96,Industrial services,"Houston, Texas",1919
HAS,Hasbro,7.37 B USD,52.65 USD,1.45 M,0.55,19.15,Consumer durables,"Pawtucket, Rhode Island",1923
HBAN,Huntington Bancshares,19.97 B USD,13.67 USD,31.07 M,1.18,10.52,Finance,"Columbus, Ohio; Detroit, Michigan",1866
HCA,HCA Healthcare,82.48 B USD,335.01 USD,1.83 M,0.98,15.24,Health services,"Nashville, Tennessee",1968
HD,Home Depot (The),352.9 B USD,355.06 USD,3.23 M,0.66,23.8,Retail trade,"Atlanta, Georgia",1978
HES,Hess Corporation,40.41 B USD,130.64 USD,1.09 M,0.42,14.54,Energy minerals,"New York City, New York",1919
HIG,Hartford (The),33.62 B USD,117.80 USD,1.4 M,0.76,11.37,Finance,"Hartford, Connecticut",1810
HII,Huntington Ingalls Industries,8.61 B USD,219.48 USD,793.55 K,0.88,15.73,Electronic technology,"Newport News, Virginia",2011
HLT,Hilton Worldwide,50.43 B USD,210.45 USD,2.14 M,0.54,34.25,Consumer services,"Tysons Corner, Virginia",1919
HOLX,Hologic,12.92 B USD,57.56 USD,6.82 M,1.49,18.21,Health technology,"Marlborough, Massachusetts",1985
HON,Honeywell,126.46 B USD,196.60 USD,3.22 M,0.51,22.57,Distribution services,"Charlotte, North Carolina",1906
HPE,Hewlett Packard Enterprise,19.89 B USD,15.14 USD,22.46 M,0.7,7.49,Electronic technology,"Houston, Texas",2015
HPQ,HP Inc.,22.46 B USD,23.83 USD,6.79 M,0.44,8.56,Electronic technology,"Palo Alto, California",1939 (2015)
HRL,Hormel Foods,16.82 B USD,30.58 USD,2.86 M,0.76,22.2,Consumer non-durables,"Austin, Minnesota",1891
HSIC,Henry Schein,7.93 B USD,64.73 USD,1.39 M,0.81,21.21,Distribution services,"Melville, New York",1932
HST,Host Hotels & Resorts,9.47 B USD,13.66 USD,5.53 M,0.35,13.81,Finance,"Bethesda, Maryland",1993
HSY,Hershey Company (The),33.75 B USD,166.59 USD,1.12 M,0.61,15.29,Consumer non-durables,"Hershey, Pennsylvania",1894
HUBB,Hubbell Incorporated,18.16 B USD,338.97 USD,466.12 K,0.48,23.59,Producer manufacturing,"Shelton, Connecticut",1888
HUM,Humana,31.92 B USD,264.48 USD,3.67 M,1.72,26.56,Health services,"Louisville, Kentucky",1961
HWM,Howmet Aerospace,49.91 B USD,123.23 USD,2.19 M,0.58,43.83,Electronic technology,"Pittsburgh, Pennsylvania",1888
IBM,IBM,221.44 B USD,238.81 USD,4.64 M,0.82,37.22,Technology services,"Armonk, New York",1911
ICE,Intercontinental Exchange,91.14 B USD,158.64 USD,2.74 M,0.56,33.18,Finance,"Atlanta, Georgia",2000
IDXX,Idexx Laboratories,33.35 B USD,411.49 USD,965.48 K,0.72,38.58,Health technology,"Westbrook, Maine",1983
IEX,IDEX Corporation,12.39 B USD,163.95 USD,863.92 K,0.91,24.64,Producer manufacturing,"Lake Forest, Illinois",1988
IFF,International Flavors & Fragrances,18.54 B USD,72.50 USD,3.01 M,1.2,76.45,Consumer non-durables,"New York City, New York",1958 (1889)
INCY,Incyte,11.27 B USD,58.21 USD,1.17 M,0.48,214.64,Health technology,"Wilmington, Delaware",1991
INTC,Intel,82.55 B USD,18.93 USD,85.64 M,0.59,—,Electronic technology,"Santa Clara, California",1968
INTU,Intuit,163.65 B USD,585.38 USD,1.64 M,0.72,54.7,Technology services,"Mountain View, California",1983
INVH,Invitation Homes,20.61 B USD,33.62 USD,2.56 M,0.64,98.91,Finance,"Dallas, Texas",2012
IP,International Paper,24.43 B USD,46.28 USD,3.51 M,0.58,29.41,Process industries,"Memphis, Tennessee",1898
IPG,Interpublic Group of Companies (The),8.92 B USD,23.95 USD,4.46 M,0.67,13.1,Commercial services,"New York City, New York",1961 (1930)
IQV,IQVIA,25.37 B USD,143.91 USD,3.3 M,1.16,19.2,Health technology,"Durham, North Carolina",1982
IR,Ingersoll Rand,29.04 B USD,72.04 USD,1.89 M,0.41,34.98,Producer manufacturing,"Davidson, North Carolina",1859
IRM,Iron Mountain,24.74 B USD,84.21 USD,1.82 M,0.78,138.73,Finance,"Boston, Massachusetts",1951
ISRG,Intuitive Surgical,172.95 B USD,482.74 USD,1.63 M,0.5,75.27,Health technology,"Sunnyvale, California",1995
IT,Gartner,30.95 B USD,401.65 USD,443.43 K,0.54,25.05,Technology services,"Stamford, Connecticut",1979
ITW,Illinois Tool Works,67.72 B USD,230.84 USD,889.35 K,0.55,19.71,Producer manufacturing,"Glenview, Illinois",1912
IVZ,Invesco,5.73 B USD,12.80 USD,4.68 M,0.51,10.82,Finance,"Atlanta, Georgia",1935
J,Jacobs Solutions,14.36 B USD,117.22 USD,655.58 K,0.63,24.15,Technology services,"Dallas, Texas",1947
JBHT,J.B. Hunt,12.92 B USD,129.23 USD,1.95 M,1.01,23.47,Transportation,"Lowell, Arkansas",1961
JBL,Jabil,14.5 B USD,135.04 USD,1.02 M,0.48,32.36,Producer manufacturing,"St. Petersburg, Florida",1966
JCI,Johnson Controls,50.72 B USD,76.83 USD,4.89 M,0.89,29.34,Producer manufacturing,"Cork, Ireland",1885
JKHY,Jack Henry & Associates,12.53 B USD,171.83 USD,400.93 K,0.56,30.98,Technology services,"Monett, Missouri",1976
JNJ,Johnson & Johnson,379.48 B USD,157.47 USD,10.98 M,0.83,17.5,Health technology,"New Brunswick, New Jersey",1886
JNPR,Juniper Networks,11.44 B USD,34.33 USD,1.73 M,0.5,40.16,Technology services,"Sunnyvale, California",1996
JPM,JPMorgan Chase,645.54 B USD,231.96 USD,9.56 M,0.52,11.39,Finance,"New York City, New York",2000 (1799 / 1871)
K,Kellanova,28.44 B USD,82.37 USD,1.93 M,0.49,21.26,Consumer non-durables,"Chicago, Illinois",1906
KDP,Keurig Dr Pepper,48.03 B USD,35.40 USD,13.96 M,0.94,33.66,Consumer non-durables,"Burlington, Massachusetts",1981
KEY,KeyCorp,15.64 B USD,14.27 USD,19 M,0.82,—,Finance,"Cleveland, Ohio",1825
KEYS,Keysight Technologies,23.41 B USD,135.46 USD,707.77 K,0.49,38.79,Electronic technology,"Santa Rosa, California",2014 (1939)
KHC,Kraft Heinz,35.2 B USD,29.46 USD,7.78 M,0.6,13.01,Consumer non-durables,"Chicago, Illinois; Pittsburgh, Pennsylvania",2015 (1869)
KIM,Kimco Realty,13.99 B USD,20.59 USD,4.09 M,0.5,37.31,Finance,"Jericho, New York",1958
KKR,KKR & Co.,91.82 B USD,103.37 USD,3.73 M,0.34,31.63,Finance,"New York City, New York",1976
KLAC,KLA Corporation,84.31 B USD,634.43 USD,1.22 M,0.59,26.68,Electronic technology,"Milpitas, California",1975/1977 (1997)
KMB,Kimberly-Clark,47.36 B USD,142.81 USD,2.11 M,0.95,18.92,Consumer non-durables,"Irving, Texas",1872
KMI,Kinder Morgan,60.21 B USD,27.10 USD,22.87 M,1.26,23.44,Industrial services,"Houston, Texas",1997
KMX,CarMax,9.86 B USD,64.59 USD,2.27 M,0.37,20.16,Retail trade,"Richmond, Virginia",1993
KO,Coca-Cola Company (The),314.12 B USD,72.99 USD,20.75 M,0.93,29.66,Consumer non-durables,"Atlanta, Georgia",1886
KR,Kroger,47.07 B USD,71.22 USD,11.6 M,1.01,19.37,Retail trade,"Cincinnati, Ohio",1883
KVUE,Kenvue,44.82 B USD,23.36 USD,22.6 M,1.13,43.64,Consumer non-durables,"Skillman, New Jersey",2022 (Johnson & Johnson spinoff)
L,Loews Corporation,17.95 B USD,85.32 USD,536.34 K,0.5,13.34,Finance,"New York City, New York",1959
LDOS,Leidos,17.88 B USD,139.42 USD,1.75 M,0.97,15.09,Technology services,"Reston, Virginia",1969
LEN,Lennar,27.47 B USD,104.73 USD,2.74 M,0.66,7.63,Consumer durables,"Miami, Florida",1954
LH,Labcorp,18.17 B USD,217.12 USD,762.21 K,0.71,24.57,Health services,"Burlington, North Carolina",1978
LHX,L3Harris,40.96 B USD,218.22 USD,1.41 M,0.68,27.69,Electronic technology,"Melbourne, Florida","2019 (L3 1997, Harris 1895)"
LII,Lennox International,19.74 B USD,556.15 USD,293.38 K,0.6,24.67,Producer manufacturing,"Richardson, Texas",1895
LIN,Linde plc,213.81 B USD,452.12 USD,1.73 M,0.53,33.2,Process industries,"Guildford, United Kingdom",1879
LKQ,LKQ Corporation,10.87 B USD,42.03 USD,1.64 M,0.6,16.08,Consumer durables,"Chicago, Illinois",1998
LLY,Lilly (Eli),796.27 B USD,839.96 USD,10.85 M,2.58,73.11,Health technology,"Indianapolis, Indiana",1876
LMT,Lockheed Martin,108.86 B USD,464.08 USD,3.05 M,1.72,20.84,Electronic technology,"Bethesda, Maryland",1995
LNT,Alliant Energy,15.62 B USD,60.80 USD,2.46 M,1.05,22.63,Utilities,"Madison, Wisconsin",1917
LOW,Lowe's,122.58 B USD,219.00 USD,2.17 M,0.62,17.94,Retail trade,"Mooresville, North Carolina",1904/1946/1959
LRCX,Lam Research,81.85 B USD,63.76 USD,13.85 M,0.71,19.37,Producer manufacturing,"Fremont, California",1980
LULU,Lululemon Athletica,31.57 B USD,251.08 USD,1.6 M,0.39,17.05,Consumer non-durables,"Vancouver, Canada",1998
LUV,Southwest Airlines,14.2 B USD,24.74 USD,11.52 M,0.69,34.83,Transportation,"Dallas, Texas",1967
LVS,Las Vegas Sands,23.16 B USD,32.77 USD,5.74 M,0.65,16.74,Consumer services,"Las Vegas, Nevada",1988
LW,Lamb Weston,7.56 B USD,53.56 USD,1.46 M,0.42,21.01,Consumer non-durables,"Eagle, Idaho",2016 (1950)
LYB,LyondellBasell,18.32 B USD,56.75 USD,4.04 M,0.6,13.7,Process industries,"Rotterdam, Netherlands",2007
LYV,Live Nation Entertainment,29.4 B USD,127.22 USD,2.57 M,0.9,46.88,Consumer services,"Beverly Hills, California",2010
MA,Mastercard,470.41 B USD,517.33 USD,3.33 M,0.85,37.25,Finance,"Harrison, New York",1966
MAA,Mid-America Apartment Communities,18.36 B USD,157.08 USD,895.69 K,0.55,35.03,Finance,"Memphis, Tennessee",1977
MAR,Marriott International,60.69 B USD,220.41 USD,1.52 M,0.52,26.49,Consumer services,"Bethesda, Maryland",1927
MAS,Masco,13.04 B USD,61.60 USD,1.74 M,0.57,16.41,Producer manufacturing,"Livonia, Michigan",1929
MCD,McDonald's,222.59 B USD,311.29 USD,2.73 M,0.47,27.32,Consumer services,"Chicago, Illinois",1940
MCHP,Microchip Technology,20.74 B USD,38.56 USD,7.78 M,0.38,68,Electronic technology,"Chandler, Arizona",1989
MCK,McKesson Corporation,87.36 B USD,697.08 USD,1.04 M,0.67,31.95,Distribution services,"Irving, Texas",1833
MCO,Moody's Corporation,76.43 B USD,424.86 USD,953.32 K,0.68,37.72,Commercial services,"New York City, New York",1909
MDLZ,Mondelez International,87.22 B USD,67.32 USD,10.78 M,1,19.66,Consumer non-durables,"Chicago, Illinois",2012
MDT,Medtronic,105.94 B USD,82.60 USD,5.94 M,0.66,25.11,Health technology,"Dublin, Ireland",1949
MET,MetLife,49.42 B USD,72.55 USD,2.74 M,0.48,12.17,Finance,"New York City, New York",1868
META,Meta Platforms,1.27 T USD,501.48 USD,14.59 M,0.54,20.96,Technology services,"Menlo Park, California",2004
MGM,MGM Resorts,8.18 B USD,28.92 USD,4.33 M,0.51,12.09,Consumer services,"Paradise, Nevada",1986
MHK,Mohawk Industries,6.42 B USD,102.69 USD,417.44 K,0.43,12.63,Producer manufacturing,"Calhoun, Georgia",1878
MKC,McCormick & Company,20.19 B USD,75.32 USD,2.65 M,0.85,25.86,Consumer non-durables,"Hunt Valley, Maryland",1889
MKTX,MarketAxess,8.49 B USD,225.16 USD,351.9 K,0.37,30.94,Finance,"New York City, New York",2000
MLM,Martin Marietta Materials,29.95 B USD,494.24 USD,251.49 K,0.42,15.28,Non-energy minerals,"Raleigh, North Carolina",1993
MMC,Marsh McLennan,108.47 B USD,220.07 USD,4.38 M,1.42,26.99,Finance,"New York City, New York",1905
MMM,3M,70.22 B USD,130.21 USD,4.95 M,0.89,17.25,Producer manufacturing,"Saint Paul, Minnesota",1902
MNST,Monster Beverage,56.84 B USD,58.41 USD,7.14 M,0.87,39.37,Consumer non-durables,"Corona, California",2012 (1935)
MO,Altria,98.08 B USD,58.16 USD,8.77 M,0.71,8.88,Consumer non-durables,"Richmond, Virginia",1985
MOH,Molina Healthcare,17.62 B USD,322.19 USD,1.44 M,1.53,15.77,Health services,"Long Beach, California",1980
MOS,Mosaic Company (The),8.64 B USD,27.27 USD,4.21 M,0.61,49.57,Process industries,"Tampa, Florida",2004 (1865 / 1909)
MPC,Marathon Petroleum,39.78 B USD,127.70 USD,2.39 M,0.59,12.85,Energy minerals,"Findlay, Ohio",2009 (1887)
MPWR,Monolithic Power Systems,25.06 B USD,523.58 USD,864.61 K,0.51,14.24,Electronic technology,"Kirkland, Washington",1997
MRK,Merck & Co.,196.28 B USD,78.00 USD,21.42 M,1.13,11.58,Health technology,"Kenilworth, New Jersey",1891
MRNA,Moderna,9.54 B USD,24.72 USD,6.68 M,0.63,—,Health technology,"Cambridge, Massachusetts",2010
MS,Morgan Stanley,176.09 B USD,109.18 USD,5.23 M,0.42,12.81,Finance,"New York City, New York",1935
MSCI,MSCI Inc.,42.44 B USD,546.89 USD,508.69 K,0.73,38.92,Technology services,"New York City, New York",1969
MSFT,Microsoft,2.73 T USD,367.78 USD,21.12 M,0.63,29.62,Technology services,"Redmond, Washington",1975
MSI,Motorola Solutions,70.28 B USD,420.95 USD,651.94 K,0.53,45.66,Electronic technology,"Chicago, Illinois",1928 (2011)
MTB,M&T Bank,26.05 B USD,160.23 USD,1.11 M,0.62,10.73,Finance,"Buffalo, New York",1856
MTCH,Match Group,7.27 B USD,29.02 USD,3.56 M,0.64,14.33,Technology services,"Dallas, Texas",1986
MTD,Mettler Toledo,20.94 B USD,"1,004.96 USD",212.08 K,0.67,24.8,Health technology,"Columbus, Ohio",1945
MU,Micron Technology,76.89 B USD,68.80 USD,20.69 M,0.51,16.54,Electronic technology,"Boise, Idaho",1978
NCLH,Norwegian Cruise Line Holdings,7.27 B USD,16.40 USD,9.76 M,0.47,9.25,Consumer services,"Miami, Florida",2011 (1966)
NDAQ,"Nasdaq, Inc.",41.51 B USD,72.18 USD,2.61 M,0.55,37.43,Finance,"New York City, New York",1971
NDSN,Nordson Corporation,10.29 B USD,180.81 USD,404.28 K,0.68,23.02,Producer manufacturing,"Westlake, Ohio",1935
NEE,NextEra Energy,136.5 B USD,66.31 USD,11.21 M,0.75,19.66,Utilities,"Juno Beach, Florida",1984 (1925)
NEM,Newmont,62.11 B USD,55.10 USD,14.39 M,0.71,18.86,Non-energy minerals,"Denver, Colorado",1921
NFLX,Netflix,416.22 B USD,973.03 USD,8.89 M,1.5,45.99,Technology services,"Los Gatos, California",1997
NI,NiSource,18.49 B USD,39.29 USD,3.94 M,0.61,24.27,Utilities,"Merrillville, Indiana",1912
NKE,"Nike, Inc.",82.3 B USD,55.76 USD,18.94 M,0.47,18.55,Consumer non-durables,"Washington County, Oregon",1964
NOC,Northrop Grumman,77.89 B USD,540.39 USD,1.1 M,0.86,19.02,Electronic technology,"West Falls Church, Virginia","1994 (Northrop 1939, Grumman 1930)"
NOW,ServiceNow,159.99 B USD,772.16 USD,1.8 M,0.8,112.88,Technology services,"Santa Clara, California",2003
NRG,NRG Energy,19.93 B USD,97.86 USD,1.95 M,0.58,19.39,Utilities,"Houston, Texas",1992
NSC,Norfolk Southern,49.74 B USD,219.84 USD,1.36 M,0.76,19.01,Transportation,"Atlanta, Georgia",1881/1894 (1980)
NTAP,NetApp,17.05 B USD,82.61 USD,1.6 M,0.52,15.29,Electronic technology,"San Jose, California",1992
NTRS,Northern Trust,17.22 B USD,88.30 USD,1.46 M,0.77,9.04,Finance,"Chicago, Illinois",1889
NUE,Nucor,25.5 B USD,110.50 USD,2.13 M,0.73,13.15,Non-energy minerals,"Charlotte, North Carolina",1940
NVDA,Nvidia,2.48 T USD,101.49 USD,292.5 M,0.69,34.53,Electronic technology,"Santa Clara, California",1993
NVR,"NVR, Inc.",21.35 B USD,"7,190.07 USD",23.35 K,0.81,14.17,Consumer durables,"Reston, Virginia",1980
NWS,News Corp (Class B),15.46 B USD,30.00 USD,504.24 K,0.58,41.38,Consumer services,"New York City, New York",2013 (News Corporation 1980)
NWSA,News Corp (Class A),15.46 B USD,25.86 USD,2.98 M,0.68,35.67,Consumer services,"New York City, New York",2013 (News Corporation 1980)
NXPI,NXP Semiconductors,43.3 B USD,170.74 USD,2.11 M,0.39,17.56,Electronic technology,"Eindhoven, Netherlands",1953
O,Realty Income,52.01 B USD,58.32 USD,5.11 M,0.59,59.67,Finance,"San Diego, California",1969
ODFL,Old Dominion,32.68 B USD,153.75 USD,1.46 M,0.64,28.07,Transportation,"Thomasville, North Carolina",1934
OKE,Oneok,53.86 B USD,86.23 USD,2.76 M,0.46,16.66,Utilities,"Tulsa, Oklahoma",1906
OMC,Omnicom Group,14.29 B USD,73.24 USD,3.69 M,0.96,10.02,Commercial services,"New York City, New York",1986
ON,ON Semiconductor,14.62 B USD,34.64 USD,5.83 M,0.37,9.53,Electronic technology,"Phoenix, Arizona",1999
ORCL,Oracle Corporation,360.68 B USD,128.62 USD,8.93 M,0.71,30.22,Technology services,"Austin, Texas",1977
ORLY,O’Reilly Automotive,79.62 B USD,"1,390.90 USD",429 K,0.67,34.21,Retail trade,"Springfield, Missouri",1957
OTIS,Otis Worldwide,38.98 B USD,98.52 USD,1.96 M,0.57,24.21,Producer manufacturing,"Farmington, Connecticut","2020 (1853, United Technologies spinoff)"
OXY,Occidental Petroleum,37.32 B USD,39.71 USD,13.3 M,0.56,16.21,Energy minerals,"Houston, Texas",1920
PANW,Palo Alto Networks,111.03 B USD,167.69 USD,4.78 M,0.61,94.73,Technology services,"Santa Clara, California",2005
PARA,Paramount Global,7.79 B USD,10.94 USD,6.7 M,0.71,—,Consumer services,"New York City, New York",2019 (Paramount Pictures 1912)
PAYC,Paycom,12.55 B USD,216.91 USD,403.7 K,0.55,24.37,Technology services,"Oklahoma City, Oklahoma",1998
PAYX,Paychex,52.19 B USD,144.90 USD,2.15 M,0.73,30.13,Technology services,"Penfield, New York",1971
PCAR,Paccar,46.28 B USD,88.17 USD,2.44 M,0.54,11.15,Producer manufacturing,"Bellevue, Washington",1905
PCG,PG&E Corporation,37.87 B USD,17.23 USD,15.36 M,0.72,14.93,Utilities,"Oakland, California",1905
PEG,Public Service Enterprise Group,41.56 B USD,83.36 USD,2.13 M,0.62,23.52,Utilities,"Newark, New Jersey",1903
PEP,PepsiCo,195.88 B USD,142.84 USD,6.13 M,0.63,20.56,Consumer non-durables,"Purchase, New York",1898
PFE,Pfizer,125.59 B USD,22.15 USD,54.07 M,0.81,15.73,Health technology,"New York City, New York",1849
PFG,Principal Financial Group,16.23 B USD,72.14 USD,1.64 M,0.74,10.8,Finance,"Des Moines, Iowa",1879
PG,Procter & Gamble,400.1 B USD,170.63 USD,7.23 M,0.69,27.19,Consumer non-durables,"Cincinnati, Ohio",1837
PGR,Progressive Corporation,155.62 B USD,265.45 USD,3.65 M,0.82,17.87,Finance,"Mayfield Village, Ohio",1937
PH,Parker Hannifin,72.24 B USD,561.00 USD,558.23 K,0.41,23.21,Electronic technology,"Cleveland, Ohio",1917
PHM,PulteGroup,19.14 B USD,94.95 USD,2.87 M,1.09,6.45,Consumer durables,"Atlanta, Georgia",1956
PKG,Packaging Corporation of America,16.83 B USD,187.19 USD,506.94 K,0.46,20.97,Process industries,"Lake Forest, Illinois",1959
PLD,Prologis,97.03 B USD,102.08 USD,6.21 M,0.6,25.77,Finance,"San Francisco, California",1983
PLTR,Palantir Technologies,219.95 B USD,93.78 USD,83.99 M,0.64,495.93,Technology services,"Denver, Colorado",2003
PM,Philip Morris International,254.03 B USD,163.21 USD,7.55 M,0.87,36.1,Consumer non-durables,"New York City, New York",2008 (1847)
PNC,PNC Financial Services,60.28 B USD,152.33 USD,3.56 M,0.86,10.75,Finance,"Pittsburgh, Pennsylvania",1845
PNR,Pentair,13.26 B USD,80.36 USD,1.47 M,0.64,21.47,Producer manufacturing,"Worsley, United Kingdom",1966
PNW,Pinnacle West Capital,11.26 B USD,94.45 USD,2.22 M,1.46,18.09,Utilities,"Phoenix, Arizona",1985
PODD,Insulet Corporation,17.33 B USD,246.80 USD,623.59 K,0.65,42.64,Health technology,"Acton, Massachusetts",2000
POOL,Pool Corporation,11.55 B USD,306.25 USD,508.45 K,0.87,27.13,Distribution services,"Covington, Louisiana",1993
PPG,PPG Industries,22.71 B USD,100.05 USD,2.24 M,0.75,16.82,Process industries,"Pittsburgh, Pennsylvania",1883
PPL,PPL Corporation,26.4 B USD,35.72 USD,5.11 M,0.89,29.82,Utilities,"Allentown, Pennsylvania",1920
PRU,Prudential Financial,35.25 B USD,99.47 USD,1.48 M,0.54,13.3,Finance,"Newark, New Jersey",1875
PSA,Public Storage,51.93 B USD,296.01 USD,741.37 K,0.63,27.83,Finance,"Glendale, California",1972
PSX,Phillips 66,40.38 B USD,99.10 USD,2.44 M,0.49,20.1,Energy minerals,"Houston, Texas",2012 (1917)
PTC,PTC Inc.,17.27 B USD,143.56 USD,655.6 K,0.57,44.28,Technology services,"Boston, Massachusetts",1985
PWR,Quanta Services,39.6 B USD,267.22 USD,971.37 K,0.63,44.38,Industrial services,"Houston, Texas",1997
PYPL,PayPal,60.34 B USD,61.00 USD,9.02 M,0.58,15.26,Commercial services,"San Jose, California",1998
QCOM,Qualcomm,151.15 B USD,136.66 USD,7.14 M,0.51,14.61,Electronic technology,"San Diego, California",1985
RCL,Royal Caribbean Group,51.86 B USD,192.69 USD,1.3 M,0.35,18.28,Consumer services,"Miami, Florida",1997
REG,Regency Centers,13.09 B USD,71.66 USD,635.25 K,0.4,33.93,Finance,"Jacksonville, Florida",1963
REGN,Regeneron Pharmaceuticals,61.25 B USD,563.16 USD,827.8 K,0.66,14.71,Health technology,"Tarrytown, New York",1988
RF,Regions Financial Corporation,17.48 B USD,19.31 USD,18.65 M,1.32,9.33,Finance,"Birmingham, Alabama",1971
RJF,Raymond James Financial,27.35 B USD,133.46 USD,2.42 M,1.07,13.03,Finance,"St. Petersburg, Florida",1962
RL,Ralph Lauren Corporation,12.76 B USD,206.50 USD,726.42 K,0.41,18.82,Consumer non-durables,"New York City, New York",1967
RMD,ResMed,31.27 B USD,212.91 USD,1.11 M,0.66,25.15,Health technology,"San Diego, California",1989
ROK,Rockwell Automation,26.27 B USD,232.29 USD,1.45 M,1.04,28.91,Producer manufacturing,"Milwaukee, Wisconsin",1903
ROL,"Rollins, Inc.",27.06 B USD,55.78 USD,2.05 M,0.71,57.93,Commercial services,"Atlanta, Georgia",1948
ROP,Roper Technologies,59.84 B USD,557.24 USD,343.27 K,0.39,38.85,Technology services,"Sarasota, Florida",1981
ROST,Ross Stores,45.92 B USD,139.63 USD,2.29 M,0.54,22.09,Retail trade,"Dublin, California",1982
RSG,Republic Services,76.02 B USD,243.28 USD,837.83 K,0.42,37.48,Industrial services,"Phoenix, Arizona",1998 (1981)
RTX,RTX Corporation,172.12 B USD,128.92 USD,5.23 M,0.83,36.29,Electronic technology,"Waltham, Massachusetts",1922
RVTY,Revvity,11.03 B USD,91.82 USD,1.35 M,0.86,38.12,Health technology,"Waltham, Massachusetts",1937
SBAC,SBA Communications,24.74 B USD,229.06 USD,1.31 M,0.85,33.02,Finance,"Boca Raton, Florida",1989
SBUX,Starbucks,92.58 B USD,81.50 USD,9.79 M,0.58,26.34,Consumer services,"Seattle, Washington",1971
SCHW,Charles Schwab Corporation,141.98 B USD,76.15 USD,19.27 M,1.17,23.15,Finance,"Westlake, Texas",1971
SHW,Sherwin-Williams,83.85 B USD,333.38 USD,2.24 M,0.9,31.61,Process industries,"Cleveland, Ohio",1866
SJM,J.M. Smucker Company (The),12.39 B USD,116.44 USD,1.19 M,0.81,—,Consumer non-durables,"Orrville, Ohio",1897
SLB,Schlumberger,47.75 B USD,35.12 USD,15.92 M,0.53,11.3,Industrial services,"Houston, Texas",1926
SMCI,Supermicro,18.7 B USD,31.51 USD,26.96 M,0.57,13.75,Electronic technology,"San Jose, California",1993
SNA,Snap-on,16.01 B USD,305.44 USD,1.85 M,3.47,15.98,Consumer durables,"Kenosha, Wisconsin",1920
SNPS,Synopsys,63.91 B USD,413.32 USD,1 M,0.54,30.56,Technology services,"Sunnyvale, California",1986
SO,Southern Company,100.7 B USD,91.81 USD,3.46 M,0.62,23.01,Utilities,"Atlanta, Georgia",1945
SOLV,Solventum,11.46 B USD,66.26 USD,910.26 K,0.56,24.02,Health services,"Saint Paul, Minnesota",2023
SPG,Simon Property Group,49.07 B USD,150.40 USD,1.27 M,0.49,19.93,Finance,"Indianapolis, Indiana",2003
SPGI,S&P Global,145.27 B USD,462.88 USD,913.06 K,0.53,37.48,Commercial services,"New York City, New York",1917
SRE,Sempra,46.36 B USD,71.12 USD,3.6 M,0.65,16.1,Utilities,"San Diego, California",1998
STE,Steris,21.83 B USD,222.23 USD,451.31 K,0.68,47.13,Health technology,"Dublin, Ireland",1985
STLD,Steel Dynamics,17.73 B USD,118.29 USD,1.05 M,0.5,12.08,Non-energy minerals,"Fort Wayne, Indiana",1993
STT,State Street Corporation,23.44 B USD,81.22 USD,5.52 M,1.99,9.12,Finance,"Boston, Massachusetts",1792
STX,Seagate Technology,16.04 B USD,75.78 USD,4.59 M,0.68,13.87,Electronic technology,"Dublin, Ireland",1979
STZ,Constellation Brands,33.73 B USD,186.63 USD,1.3 M,0.4,—,Consumer non-durables,"Rochester, New York",1945
SW,Smurfit Westrock,21.52 B USD,41.35 USD,3.69 M,0.76,33.85,Process industries,"Dublin, Ireland",1934
SWK,Stanley Black & Decker,8.84 B USD,57.21 USD,2.92 M,0.57,30.31,Consumer durables,"New Britain, Connecticut",1843
SWKS,Skyworks Solutions,8.6 B USD,55.98 USD,2.34 M,0.39,17.15,Electronic technology,"Irvine, California",2002
SYF,Synchrony Financial,18.61 B USD,47.87 USD,3.51 M,0.49,5.61,Finance,"Stamford, Connecticut",2003
SYK,Stryker Corporation,132.26 B USD,346.50 USD,1.35 M,0.53,44.63,Health technology,"Kalamazoo, Michigan",1941
SYY,Sysco,35.1 B USD,71.74 USD,2.76 M,0.72,18.43,Distribution services,"Houston, Texas",1969
T,AT&T,194.89 B USD,27.15 USD,24.87 M,0.52,18.2,Communications,"Dallas, Texas",1983 (1885)
TAP,Molson Coors Beverage Company,11.9 B USD,58.75 USD,1.55 M,0.52,10.98,Consumer non-durables,"Chicago, Illinois","2005 (Molson 1786, Coors 1873)"
TDG,TransDigm Group,75.02 B USD,"1,337.66 USD",224.37 K,0.52,47.2,Electronic technology,"Cleveland, Ohio",1993
TDY,Teledyne Technologies,21.65 B USD,462.19 USD,224.12 K,0.65,26.83,Electronic technology,"Thousand Oaks, California",1960
TECH,Bio-Techne,7.6 B USD,48.10 USD,2.74 M,1.01,48.89,Health technology,"Minneapolis, Minnesota",1976
TEL,TE Connectivity,38.56 B USD,129.24 USD,2.52 M,0.92,20.63,Electronic technology,"Galway, Ireland",2007
TER,Teradyne,11.46 B USD,71.25 USD,3.06 M,0.56,21.47,Electronic technology,"North Reading, Massachusetts",1960
TFC,Truist Financial,46.83 B USD,35.88 USD,15.14 M,0.8,10.58,Finance,"Charlotte, North Carolina",1872
TGT,Target Corporation,42.42 B USD,93.11 USD,5.35 M,0.44,10.51,Retail trade,"Minneapolis, Minnesota",1902
TJX,TJX Companies,142.56 B USD,127.62 USD,5.56 M,0.6,29.96,Retail trade,"Framingham, Massachusetts",1987
TKO,TKO Group Holdings,25.54 B USD,149.22 USD,705.73 K,0.53,—,Consumer services,"New York City, New York",2023
TMO,Thermo Fisher Scientific,161.38 B USD,427.50 USD,3.04 M,0.93,25.87,Health technology,"Waltham, Massachusetts",2006 (1902)
TMUS,T-Mobile US,299.18 B USD,262.04 USD,3.49 M,0.62,27.08,Communications,"Bellevue, Washington",1994
TPL,Texas Pacific Land Corporation,29.85 B USD,"1,298.64 USD",104.16 K,0.58,65.84,Miscellaneous,"Dallas, Texas",1888
TPR,"Tapestry, Inc.",13.17 B USD,63.64 USD,4.17 M,0.49,18.47,Retail trade,"New York City, New York",2017
TRGP,Targa Resources,37.98 B USD,174.57 USD,1.98 M,0.51,30.34,Utilities,"Houston, Texas",2005
TRMB,Trimble Inc.,14.31 B USD,58.23 USD,1.25 M,0.65,9.55,Technology services,"Westminster, Colorado",1978
TROW,T. Rowe Price,19.14 B USD,86.11 USD,4.9 M,1.54,9.41,Finance,"Baltimore, Maryland",1937
TRV,Travelers Companies (The),57.97 B USD,255.86 USD,1.68 M,0.9,13.93,Finance,"New York City, New York",1853
TSCO,Tractor Supply,26.67 B USD,50.16 USD,4.48 M,0.71,24.59,Retail trade,"Brentwood, Tennessee",1938
TSLA,"Tesla, Inc.",776.37 B USD,241.37 USD,83.4 M,0.56,118.42,Consumer durables,"Austin, Texas",2003
TSN,Tyson Foods,21.37 B USD,61.21 USD,2.52 M,0.98,20.25,Consumer non-durables,"Springdale, Arkansas",1935
TT,Trane Technologies,74.72 B USD,333.16 USD,2.24 M,1.37,29.62,Producer manufacturing,"Dublin, Ireland",1871
TTWO,Take-Two Interactive,37.55 B USD,212.77 USD,1.06 M,0.46,—,Technology services,"New York City, New York",1993
TXN,Texas Instruments,135.07 B USD,148.44 USD,5.74 M,0.39,28.56,Electronic technology,"Dallas, Texas",1930
TXT,Textron,11.99 B USD,66.04 USD,1.56 M,0.87,15.28,Electronic technology,"Providence, Rhode Island",1923
TYL,Tyler Technologies,24.58 B USD,570.20 USD,222.57 K,0.71,94.34,Technology services,"Plano, Texas",1966
UAL,United Airlines Holdings,21.65 B USD,66.30 USD,11.26 M,0.69,6.04,Transportation,"Chicago, Illinois",1967
UBER,Uber,157.35 B USD,75.24 USD,21.89 M,0.97,16.42,Transportation,"San Francisco, California",2009
UDR,"UDR, Inc.",13.67 B USD,41.29 USD,2.2 M,0.64,160.54,Finance,"Highlands Ranch, Colorado",1972
UHS,Universal Health Services,11.4 B USD,174.80 USD,585.67 K,0.71,10.38,Health services,"King of Prussia, Pennsylvania",1979
ULTA,Ulta Beauty,16.21 B USD,357.75 USD,741.75 K,0.62,14.1,Retail trade,"Bolingbrook, Illinois",1990
UNH,UnitedHealth Group,415.38 B USD,454.11 USD,29.12 M,3.84,18.98,Health services,"Minnetonka, Minnesota",1977
UNP,Union Pacific Corporation,132.01 B USD,220.26 USD,4.55 M,1,19.87,Transportation,"Omaha, Nebraska",1862
UPS,United Parcel Service,81.78 B USD,96.44 USD,4.74 M,0.64,14.27,Transportation,"Sandy Springs, Georgia",1907
URI,United Rentals,38.64 B USD,591.50 USD,367.85 K,0.35,15.27,Finance,"Stamford, Connecticut",1997
USB,U.S. Bancorp,59.52 B USD,38.20 USD,12.54 M,0.69,9.46,Finance,"Minneapolis, Minnesota",1968
V,Visa Inc.,643.92 B USD,329.61 USD,5.66 M,0.66,33.67,Finance,"San Francisco, California",1958
VICI,Vici Properties,34.39 B USD,32.54 USD,8.36 M,0.84,12.72,Finance,"New York City, New York",2017
VLO,Valero Energy,34.61 B USD,110.06 USD,2.66 M,0.48,12.97,Energy minerals,"San Antonio, Texas",1980
VLTO,Veralto,22.21 B USD,89.54 USD,1.69 M,0.91,26.83,Producer manufacturing,"Waltham, Massachusetts",2023
VMC,Vulcan Materials Company,31.96 B USD,241.93 USD,643.48 K,0.35,35.29,Non-energy minerals,"Birmingham, Alabama",1909
VRSK,Verisk Analytics,41.01 B USD,293.02 USD,502.88 K,0.36,43.7,Technology services,"Jersey City, New Jersey",1971
VRSN,Verisign,23.22 B USD,246.67 USD,628.33 K,0.55,30.83,Technology services,"Dulles, Virginia",1995
VRTX,Vertex Pharmaceuticals,125.74 B USD,489.10 USD,1.21 M,0.58,—,Health technology,"Boston, Massachusetts",1989
VST,Vistra Corp.,39.26 B USD,115.42 USD,4.85 M,0.49,16.33,Utilities,"Irving, Texas",2016
VTR,Ventas,30.51 B USD,67.91 USD,2.9 M,0.78,356.67,Finance,"Chicago, Illinois",1998
VTRS,Viatris,9.02 B USD,7.56 USD,10.72 M,0.65,—,Health technology,"Pittsburgh, Pennsylvania",1961
VZ,Verizon,185.91 B USD,44.06 USD,16.5 M,0.51,10.63,Communications,"New York City, New York",1983 (1877)
WAB,Wabtec,29.22 B USD,170.93 USD,927.51 K,0.83,28.32,Producer manufacturing,"Pittsburgh, Pennsylvania",1999 (1869)
WAT,Waters Corporation,19.1 B USD,321.01 USD,430.18 K,0.53,29.96,Health technology,"Milford, Massachusetts",1958
WBA,Walgreens Boots Alliance,9.42 B USD,10.89 USD,7.86 M,0.43,—,Retail trade,"Deerfield, Illinois",2014
WBD,Warner Bros. Discovery,20.06 B USD,8.11 USD,31.3 M,0.61,—,Consumer services,"New York City, New York",2022 (Warner Bros. 1923)
WDAY,"Workday, Inc.",58.79 B USD,221.02 USD,1.89 M,0.55,113.04,Technology services,"Pleasanton, California",2005
WDC,Western Digital,12.7 B USD,36.51 USD,7.39 M,0.51,8.71,Electronic technology,"San Jose, California",1970
WEC,WEC Energy Group,34.59 B USD,108.39 USD,1.57 M,0.56,22.46,Utilities,"Milwaukee, Wisconsin",1896
WELL,Welltower,95.49 B USD,147.27 USD,1.95 M,0.53,179.12,Finance,"Toledo, Ohio",1970
WFC,Wells Fargo,211.29 B USD,64.71 USD,18.96 M,0.64,11.63,Finance,"San Francisco, California",1852
WM,Waste Management,92.9 B USD,230.91 USD,1.37 M,0.58,33.92,Industrial services,"Houston, Texas",1968
WMB,Williams Companies,71.56 B USD,58.62 USD,6.9 M,0.66,32.26,Utilities,"Tulsa, Oklahoma",1908
WMT,Walmart,747.45 B USD,93.24 USD,21.39 M,0.67,38.73,Retail trade,"Bentonville, Arkansas",1962
WRB,W. R. Berkley Corporation,26.1 B USD,68.80 USD,2.15 M,0.89,15.78,Finance,"Greenwich, Connecticut",1967
WSM,"Williams-Sonoma, Inc.",17.19 B USD,139.15 USD,1.24 M,0.34,15.44,Retail trade,"San Francisco, California",1956
WST,West Pharmaceutical Services,14.6 B USD,201.90 USD,1.68 M,1.71,30.18,Health technology,"Exton, Pennsylvania",1923
WTW,Willis Towers Watson,31.9 B USD,321.00 USD,658.73 K,0.74,—,Finance,"London, United Kingdom",2016
WY,Weyerhaeuser,18.73 B USD,25.81 USD,2.65 M,0.57,47.53,Finance,"Seattle, Washington",1900
WYNN,Wynn Resorts,7.94 B USD,74.77 USD,1.56 M,0.37,17.51,Consumer services,"Paradise, Nevada",2002
XEL,Xcel Energy,40.4 B USD,70.13 USD,2.78 M,0.63,20.43,Utilities,"Minneapolis, Minnesota",1909
XOM,ExxonMobil,462.46 B USD,106.92 USD,17.92 M,0.73,13.62,Energy minerals,"Irving, Texas",1999
XYL,Xylem Inc.,26.87 B USD,110.41 USD,2.15 M,0.85,30.22,Producer manufacturing,"White Plains, New York",2011
YUM,Yum! Brands,39.91 B USD,143.31 USD,1.77 M,0.49,27.47,Consumer services,"Louisville, Kentucky",1997
ZBH,Zimmer Biomet,19.37 B USD,97.91 USD,4.37 M,1.53,22.07,Health technology,"Warsaw, Indiana",1927
ZBRA,Zebra Technologies,11.6 B USD,226.73 USD,391.27 K,0.36,22.28,Electronic technology,"Lincolnshire, Illinois",1969
ZTS,Zoetis,66.31 B USD,148.66 USD,4.24 M,1.24,27.2,Health technology,"Parsippany, New Jersey",1952